path,label
data/cropped\me\WIN_20251019_12_02_40_Pro.jpg,1
data/cropped\me\WIN_20251019_12_02_43_Pro.jpg,1
data/cropped\me\WIN_20251019_12_02_45_Pro.jpg,1
data/cropped\me\WIN_20251019_12_02_47_Pro.jpg,1
data/cropped\me\WIN_20251019_12_02_48_Pro.jpg,1
data/cropped\me\WIN_20251019_12_02_51_Pro.jpg,1
data/cropped\me\WIN_20251019_12_02_53_Pro.jpg,1
data/cropped\me\WIN_20251019_12_02_56_Pro.jpg,1
data/cropped\me\WIN_20251019_12_02_58_Pro.jpg,1
data/cropped\me\WIN_20251019_12_03_05_Pro.jpg,1
data/cropped\me\WIN_20251019_12_03_07_Pro.jpg,1
data/cropped\me\WIN_20251019_12_03_10_Pro.jpg,1
data/cropped\me\WIN_20251019_12_03_14_Pro.jpg,1
data/cropped\me\WIN_20251019_13_02_24_Pro.jpg,1
data/cropped\me\WIN_20251019_13_02_30_Pro.jpg,1
data/cropped\me\WIN_20251019_13_02_37_Pro.jpg,1
data/cropped\me\WIN_20251019_13_02_39_Pro.jpg,1
data/cropped\me\WIN_20251019_13_02_51_Pro.jpg,1
data/cropped\me\WIN_20251019_13_02_52_Pro.jpg,1
data/cropped\me\WIN_20251019_13_02_54_Pro.jpg,1
data/cropped\me\WIN_20251019_13_02_55_Pro.jpg,1
data/cropped\me\WIN_20251019_13_03_04_Pro.jpg,1
data/cropped\me\WIN_20251019_13_03_08_Pro.jpg,1
data/cropped\me\WIN_20251019_13_03_10_Pro.jpg,1
data/cropped\me\WIN_20251019_13_03_11_Pro.jpg,1
data/cropped\me\WIN_20251019_13_03_12_Pro.jpg,1
data/cropped\me\WIN_20251019_13_03_13_Pro.jpg,1
data/cropped\me\WIN_20251019_20_49_12_Pro.jpg,1
data/cropped\me\WIN_20251019_20_49_14_Pro.jpg,1
data/cropped\me\WIN_20251019_20_49_15_Pro.jpg,1
data/cropped\me\WIN_20251019_20_49_17_Pro.jpg,1
data/cropped\me\WIN_20251019_20_49_20_Pro.jpg,1
data/cropped\me\WIN_20251019_20_49_23_Pro.jpg,1
data/cropped\me\WIN_20251019_20_49_26_Pro.jpg,1
data/cropped\me\WIN_20251019_20_49_27_Pro.jpg,1
data/cropped\me\WIN_20251019_20_49_29_Pro.jpg,1
data/cropped\me\WIN_20251019_20_49_34_Pro.jpg,1
data/cropped\me\WIN_20251019_20_49_39_Pro.jpg,1
data/cropped\me\WIN_20251019_20_49_45_Pro.jpg,1
data/cropped\me\WIN_20251019_20_49_48_Pro.jpg,1
data/cropped\me\WIN_20251019_20_49_50_Pro.jpg,1
data/cropped\me\WIN_20251019_20_49_54_Pro.jpg,1
data/cropped\me\WIN_20251019_20_50_01_Pro.jpg,1
data/cropped\me\WIN_20251019_20_50_06_Pro.jpg,1
data/cropped\me\WIN_20251019_20_50_07_Pro.jpg,1
data/cropped\me\WIN_20251019_20_50_16_Pro.jpg,1
data/cropped\me\WIN_20251019_20_50_18_Pro.jpg,1
data/cropped\me\WIN_20251019_20_50_55_Pro.jpg,1
data/cropped\me\WIN_20251019_20_51_07_Pro.jpg,1
data/cropped\me\WIN_20251019_20_51_13_Pro.jpg,1
data/cropped\me\WIN_20251019_20_51_24_Pro.jpg,1
data/cropped\me\WIN_20251019_20_51_40_Pro.jpg,1
data/cropped\me\WIN_20251103_15_29_28_Pro.jpg,1
data/cropped\me\WIN_20251103_15_29_30_Pro.jpg,1
data/cropped\me\WIN_20251103_15_29_31_Pro.jpg,1
data/cropped\me\WIN_20251103_15_29_32_Pro.jpg,1
data/cropped\me\WIN_20251103_15_29_35_Pro.jpg,1
data/cropped\me\WIN_20251103_15_29_37_Pro.jpg,1
data/cropped\me\WIN_20251103_15_29_47_Pro.jpg,1
data/cropped\me\WIN_20251103_15_29_49_Pro.jpg,1
data/cropped\me\WIN_20251103_15_29_53_Pro.jpg,1
data/cropped\me\WIN_20251103_15_29_55_Pro.jpg,1
data/cropped\me\WIN_20251103_15_29_56_Pro.jpg,1
data/cropped\me\WIN_20251103_15_29_59_Pro.jpg,1
data/cropped\me\WIN_20251103_15_30_00_Pro.jpg,1
data/cropped\me\WIN_20251103_15_30_02_Pro.jpg,1
data/cropped\me\WIN_20251103_15_30_04_Pro.jpg,1
data/cropped\me\WIN_20251103_15_30_06_Pro.jpg,1
data/cropped\me\WIN_20251103_15_30_10_Pro.jpg,1
data/cropped\me\WIN_20251103_15_30_12_Pro.jpg,1
data/cropped\me\WIN_20251103_15_30_21_Pro.jpg,1
data/cropped\me\WIN_20251103_15_30_23_Pro.jpg,1
data/cropped\me\WIN_20251103_15_30_31_Pro.jpg,1
data/cropped\me\WIN_20251103_15_30_33_Pro.jpg,1
data/cropped\me\WIN_20251103_15_30_35_Pro.jpg,1
data/cropped\me\WIN_20251103_15_30_37_Pro.jpg,1
data/cropped\me\WIN_20251103_15_30_38_Pro.jpg,1
data/cropped\me\WIN_20251103_15_30_40_Pro.jpg,1
data/cropped\me\WIN_20251103_15_30_42_Pro.jpg,1
data/cropped\me\WIN_20251103_15_30_44_Pro.jpg,1
data/cropped\me\WIN_20251103_15_30_46_Pro.jpg,1
data/cropped\me\WIN_20251103_15_30_48_Pro.jpg,1
data/cropped\me\WIN_20251103_15_30_50_Pro.jpg,1
data/cropped\me\WIN_20251103_15_30_54_Pro.jpg,1
data/cropped\me\WIN_20251103_15_31_02_Pro.jpg,1
data/cropped\me\WIN_20251103_15_31_05_Pro.jpg,1
data/cropped\me\WIN_20251103_15_31_06_Pro.jpg,1
data/cropped\me\WIN_20251103_15_31_08_Pro.jpg,1
data/cropped\me\WIN_20251103_15_31_09_Pro.jpg,1
data/cropped\me\WIN_20251103_15_31_10_Pro.jpg,1
data/cropped\me\WIN_20251103_15_31_12_Pro.jpg,1
data/cropped\me\WIN_20251103_15_31_13_Pro.jpg,1
data/cropped\me\WIN_20251103_15_31_16_Pro.jpg,1
data/cropped\me\WIN_20251103_15_31_18_Pro.jpg,1
data/cropped\me\WIN_20251103_15_31_20_Pro.jpg,1
data/cropped\me\WIN_20251103_15_31_21_Pro.jpg,1
data/cropped\not_me\1 (680).jpg,0
data/cropped\not_me\1 (6800).jpg,0
data/cropped\not_me\1 (6801).jpg,0
data/cropped\not_me\1 (6802).jpg,0
data/cropped\not_me\1 (6803).jpg,0
data/cropped\not_me\1 (6804).jpg,0
data/cropped\not_me\1 (6805).jpg,0
data/cropped\not_me\1 (6806).jpg,0
data/cropped\not_me\1 (6807).jpg,0
data/cropped\not_me\1 (6808).jpg,0
data/cropped\not_me\1 (6809).jpg,0
data/cropped\not_me\1 (681).jpg,0
data/cropped\not_me\1 (6810).jpg,0
data/cropped\not_me\1 (6811).jpg,0
data/cropped\not_me\1 (6812).jpg,0
data/cropped\not_me\1 (6813).jpg,0
data/cropped\not_me\1 (6814).jpg,0
data/cropped\not_me\1 (6815).jpg,0
data/cropped\not_me\1 (6816).jpg,0
data/cropped\not_me\1 (6817).jpg,0
data/cropped\not_me\1 (6818).jpg,0
data/cropped\not_me\1 (6819).jpg,0
data/cropped\not_me\1 (682).jpg,0
data/cropped\not_me\1 (6820).jpg,0
data/cropped\not_me\1 (6821).jpg,0
data/cropped\not_me\1 (683).jpg,0
data/cropped\not_me\1 (684).jpg,0
data/cropped\not_me\1 (685).jpg,0
data/cropped\not_me\1 (686).jpg,0
data/cropped\not_me\1 (687).jpg,0
data/cropped\not_me\1 (688).jpg,0
data/cropped\not_me\1 (689).jpg,0
data/cropped\not_me\1 (69).jpeg,0
data/cropped\not_me\1 (69).jpg,0
data/cropped\not_me\1 (69).png,0
data/cropped\not_me\1 (6900).jpg,0
data/cropped\not_me\1 (6901).jpg,0
data/cropped\not_me\1 (6902).jpg,0
data/cropped\not_me\1 (6903).jpg,0
data/cropped\not_me\1 (6904).jpg,0
data/cropped\not_me\1 (6905).jpg,0
data/cropped\not_me\1 (6906).jpg,0
data/cropped\not_me\1 (6907).jpg,0
data/cropped\not_me\1 (6908).jpg,0
data/cropped\not_me\1 (6909).jpg,0
data/cropped\not_me\1 (691).jpg,0
data/cropped\not_me\1 (6910).jpg,0
data/cropped\not_me\1 (6911).jpg,0
data/cropped\not_me\1 (6912).jpg,0
data/cropped\not_me\1 (6913).jpg,0
data/cropped\not_me\1 (6914).jpg,0
data/cropped\not_me\1 (6915).jpg,0
data/cropped\not_me\1 (6916).jpg,0
data/cropped\not_me\1 (6917).jpg,0
data/cropped\not_me\1 (6918).jpg,0
data/cropped\not_me\1 (6919).jpg,0
data/cropped\not_me\1 (692).jpg,0
data/cropped\not_me\1 (6920).jpg,0
data/cropped\not_me\1 (6921).jpg,0
data/cropped\not_me\1 (6922).jpg,0
data/cropped\not_me\1 (6923).jpg,0
data/cropped\not_me\1 (6924).jpg,0
data/cropped\not_me\1 (6925).jpg,0
data/cropped\not_me\1 (6926).jpg,0
data/cropped\not_me\1 (6927).jpg,0
data/cropped\not_me\1 (6928).jpg,0
data/cropped\not_me\1 (6929).jpg,0
data/cropped\not_me\1 (693).jpg,0
data/cropped\not_me\1 (6930).jpg,0
data/cropped\not_me\1 (6931).jpg,0
data/cropped\not_me\1 (6932).jpg,0
data/cropped\not_me\1 (6933).jpg,0
data/cropped\not_me\1 (6934).jpg,0
data/cropped\not_me\1 (6935).jpg,0
data/cropped\not_me\1 (6936).jpg,0
data/cropped\not_me\1 (6937).jpg,0
data/cropped\not_me\1 (6938).jpg,0
data/cropped\not_me\1 (6939).jpg,0
data/cropped\not_me\1 (694).jpg,0
data/cropped\not_me\1 (6940).jpg,0
data/cropped\not_me\1 (6941).jpg,0
data/cropped\not_me\1 (6942).jpg,0
data/cropped\not_me\1 (6943).jpg,0
data/cropped\not_me\1 (6944).jpg,0
data/cropped\not_me\1 (6945).jpg,0
data/cropped\not_me\1 (6946).jpg,0
data/cropped\not_me\1 (6947).jpg,0
data/cropped\not_me\1 (6948).jpg,0
data/cropped\not_me\1 (6949).jpg,0
data/cropped\not_me\1 (695).jpg,0
data/cropped\not_me\1 (6950).jpg,0
data/cropped\not_me\1 (6951).jpg,0
data/cropped\not_me\1 (6952).jpg,0
data/cropped\not_me\1 (6953).jpg,0
data/cropped\not_me\1 (6954).jpg,0
data/cropped\not_me\1 (6955).jpg,0
data/cropped\not_me\1 (6956).jpg,0
data/cropped\not_me\1 (6957).jpg,0
data/cropped\not_me\1 (6958).jpg,0
data/cropped\not_me\1 (6959).jpg,0
data/cropped\not_me\1 (696).jpg,0
data/cropped\not_me\1 (6960).jpg,0
data/cropped\not_me\1 (6961).jpg,0
data/cropped\not_me\1 (6962).jpg,0
data/cropped\not_me\1 (6963).jpg,0
data/cropped\not_me\1 (6964).jpg,0
data/cropped\not_me\1 (6965).jpg,0
data/cropped\not_me\1 (6966).jpg,0
data/cropped\not_me\1 (6967).jpg,0
data/cropped\not_me\1 (6968).jpg,0
data/cropped\not_me\1 (6969).jpg,0
data/cropped\not_me\1 (697).jpg,0
data/cropped\not_me\1 (6970).jpg,0
data/cropped\not_me\1 (6971).jpg,0
data/cropped\not_me\1 (6972).jpg,0
data/cropped\not_me\1 (6973).jpg,0
data/cropped\not_me\1 (6974).jpg,0
data/cropped\not_me\1 (6975).jpg,0
data/cropped\not_me\1 (6976).jpg,0
data/cropped\not_me\1 (6977).jpg,0
data/cropped\not_me\1 (6978).jpg,0
data/cropped\not_me\1 (6979).jpg,0
data/cropped\not_me\1 (698).jpg,0
data/cropped\not_me\1 (6980).jpg,0
data/cropped\not_me\1 (6981).jpg,0
data/cropped\not_me\1 (6982).jpg,0
data/cropped\not_me\1 (6983).jpg,0
data/cropped\not_me\1 (6984).jpg,0
data/cropped\not_me\1 (6985).jpg,0
data/cropped\not_me\1 (6986).jpg,0
data/cropped\not_me\1 (6987).jpg,0
data/cropped\not_me\1 (6988).jpg,0
data/cropped\not_me\1 (6989).jpg,0
data/cropped\not_me\1 (699).jpg,0
data/cropped\not_me\1 (6990).jpg,0
data/cropped\not_me\1 (6991).jpg,0
data/cropped\not_me\1 (7).jpeg,0
data/cropped\not_me\1 (7).jpg,0
data/cropped\not_me\1 (7).png,0
data/cropped\not_me\1 (70).jpeg,0
data/cropped\not_me\1 (70).jpg,0
data/cropped\not_me\1 (70).png,0
data/cropped\not_me\1 (700).jpg,0
data/cropped\not_me\1 (701).jpg,0
data/cropped\not_me\1 (702).jpg,0
data/cropped\not_me\1 (703).jpg,0
data/cropped\not_me\1 (704).jpg,0
data/cropped\not_me\1 (705).jpg,0
data/cropped\not_me\1 (706).jpg,0
data/cropped\not_me\1 (707).jpg,0
data/cropped\not_me\1 (708).jpg,0
data/cropped\not_me\1 (709).jpg,0
data/cropped\not_me\1 (71).jpeg,0
data/cropped\not_me\1 (71).jpg,0
data/cropped\not_me\1 (71).png,0
data/cropped\not_me\1 (710).jpg,0
data/cropped\not_me\1 (711).jpg,0
data/cropped\not_me\1 (712).jpg,0
data/cropped\not_me\1 (713).jpg,0
data/cropped\not_me\1 (714).jpg,0
data/cropped\not_me\1 (715).jpg,0
data/cropped\not_me\1 (716).jpg,0
data/cropped\not_me\1 (717).jpg,0
data/cropped\not_me\1 (718).jpg,0
data/cropped\not_me\1 (719).jpg,0
data/cropped\not_me\1 (72).jpeg,0
data/cropped\not_me\1 (72).jpg,0
data/cropped\not_me\1 (72).png,0
data/cropped\not_me\1 (720).jpg,0
data/cropped\not_me\1 (721).jpg,0
data/cropped\not_me\1 (722).jpg,0
data/cropped\not_me\1 (723).jpg,0
data/cropped\not_me\1 (724).jpg,0
data/cropped\not_me\1 (725).jpg,0
data/cropped\not_me\1 (726).jpg,0
data/cropped\not_me\1 (727).jpg,0
data/cropped\not_me\1 (728).jpg,0
data/cropped\not_me\1 (729).jpg,0
data/cropped\not_me\1 (73).jpeg,0
data/cropped\not_me\1 (73).jpg,0
data/cropped\not_me\1 (73).png,0
data/cropped\not_me\1 (730).jpg,0
data/cropped\not_me\1 (731).jpg,0
data/cropped\not_me\1 (732).jpg,0
data/cropped\not_me\1 (733).jpg,0
data/cropped\not_me\1 (734).jpg,0
data/cropped\not_me\1 (735).jpg,0
data/cropped\not_me\1 (736).jpg,0
data/cropped\not_me\1 (737).jpg,0
data/cropped\not_me\1 (738).jpg,0
data/cropped\not_me\1 (739).jpg,0
data/cropped\not_me\1 (74).jpeg,0
data/cropped\not_me\1 (74).jpg,0
data/cropped\not_me\1 (74).png,0
data/cropped\not_me\1 (740).jpg,0
data/cropped\not_me\1 (741).jpg,0
data/cropped\not_me\1 (742).jpg,0
data/cropped\not_me\1 (744).jpg,0
data/cropped\not_me\1 (745).jpg,0
data/cropped\not_me\1 (746).jpg,0
data/cropped\not_me\1 (747).jpg,0
data/cropped\not_me\1 (748).jpg,0
data/cropped\not_me\1 (749).jpg,0
data/cropped\not_me\1 (75).jpeg,0
data/cropped\not_me\1 (75).jpg,0
data/cropped\not_me\1 (75).png,0
data/cropped\not_me\1 (750).jpg,0
data/cropped\not_me\1 (751).jpg,0
data/cropped\not_me\1 (752).jpg,0
data/cropped\not_me\1 (753).jpg,0
data/cropped\not_me\1 (754).jpg,0
data/cropped\not_me\1 (755).jpg,0
data/cropped\not_me\1 (756).jpg,0
data/cropped\not_me\1 (757).jpg,0
data/cropped\not_me\1 (758).jpg,0
data/cropped\not_me\1 (759).jpg,0
data/cropped\not_me\1 (76).jpeg,0
data/cropped\not_me\1 (76).jpg,0
data/cropped\not_me\1 (76).png,0
data/cropped\not_me\1 (760).jpg,0
data/cropped\not_me\1 (761).jpg,0
data/cropped\not_me\1 (762).jpg,0
data/cropped\not_me\1 (763).jpg,0
data/cropped\not_me\1 (764).jpg,0
data/cropped\not_me\1 (765).jpg,0
data/cropped\not_me\1 (766).jpg,0
data/cropped\not_me\1 (767).jpg,0
data/cropped\not_me\1 (768).jpg,0
data/cropped\not_me\1 (769).jpg,0
data/cropped\not_me\1 (77).jpeg,0
data/cropped\not_me\1 (77).jpg,0
data/cropped\not_me\1 (77).png,0
data/cropped\not_me\1 (770).jpg,0
data/cropped\not_me\1 (772).jpg,0
data/cropped\not_me\1 (773).jpg,0
data/cropped\not_me\1 (774).jpg,0
data/cropped\not_me\1 (775).jpg,0
data/cropped\not_me\1 (776).jpg,0
data/cropped\not_me\1 (777).jpg,0
data/cropped\not_me\1 (778).jpg,0
data/cropped\not_me\1 (779).jpg,0
data/cropped\not_me\1 (78).jpeg,0
data/cropped\not_me\1 (78).jpg,0
data/cropped\not_me\1 (78).png,0
data/cropped\not_me\1 (780).jpg,0
data/cropped\not_me\1 (781).jpg,0
data/cropped\not_me\1 (782).jpg,0
data/cropped\not_me\1 (783).jpg,0
data/cropped\not_me\1 (784).jpg,0
data/cropped\not_me\1 (785).jpg,0
data/cropped\not_me\1 (786).jpg,0
data/cropped\not_me\1 (787).jpg,0
data/cropped\not_me\1 (788).jpg,0
data/cropped\not_me\1 (789).jpg,0
data/cropped\not_me\1 (79).jpeg,0
data/cropped\not_me\1 (79).jpg,0
data/cropped\not_me\1 (79).png,0
data/cropped\not_me\1 (790).jpg,0
data/cropped\not_me\1 (791).jpg,0
data/cropped\not_me\1 (792).jpg,0
data/cropped\not_me\1 (793).jpg,0
data/cropped\not_me\1 (794).jpg,0
data/cropped\not_me\1 (795).jpg,0
data/cropped\not_me\1 (796).jpg,0
data/cropped\not_me\1 (797).jpg,0
data/cropped\not_me\1 (798).jpg,0
data/cropped\not_me\1 (799).jpg,0
data/cropped\not_me\1 (8).jpeg,0
data/cropped\not_me\1 (8).jpg,0
data/cropped\not_me\1 (8).png,0
data/cropped\not_me\1 (80).jpg,0
data/cropped\not_me\1 (80).png,0
data/cropped\not_me\1 (800).jpg,0
data/cropped\not_me\1 (801).jpg,0
data/cropped\not_me\1 (802).jpg,0
data/cropped\not_me\1 (803).jpg,0
data/cropped\not_me\1 (804).jpg,0
data/cropped\not_me\1 (805).jpg,0
data/cropped\not_me\1 (806).jpg,0
data/cropped\not_me\1 (807).jpg,0
data/cropped\not_me\1 (808).jpg,0
data/cropped\not_me\1 (809).jpg,0
data/cropped\not_me\1 (81).jpg,0
data/cropped\not_me\1 (81).png,0
data/cropped\not_me\1 (810).jpg,0
data/cropped\not_me\1 (811).jpg,0
data/cropped\not_me\1 (812).jpg,0
data/cropped\not_me\1 (813).jpg,0
data/cropped\not_me\1 (814).jpg,0
data/cropped\not_me\1 (815).jpg,0
data/cropped\not_me\1 (816).jpg,0
data/cropped\not_me\1 (817).jpg,0
data/cropped\not_me\1 (818).jpg,0
data/cropped\not_me\1 (819).jpg,0
data/cropped\not_me\1 (82).png,0
data/cropped\not_me\1 (820).jpg,0
data/cropped\not_me\1 (821).jpg,0
data/cropped\not_me\1 (822).jpg,0
data/cropped\not_me\1 (823).jpg,0
data/cropped\not_me\1 (824).jpg,0
data/cropped\not_me\1 (825).jpg,0
data/cropped\not_me\1 (826).jpg,0
data/cropped\not_me\1 (827).jpg,0
data/cropped\not_me\1 (828).jpg,0
data/cropped\not_me\1 (829).jpg,0
data/cropped\not_me\1 (83).png,0
data/cropped\not_me\1 (830).jpg,0
data/cropped\not_me\1 (831).jpg,0
data/cropped\not_me\1 (832).jpg,0
data/cropped\not_me\1 (833).jpg,0
data/cropped\not_me\1 (834).jpg,0
data/cropped\not_me\1 (835).jpg,0
data/cropped\not_me\1 (836).jpg,0
data/cropped\not_me\1 (837).jpg,0
data/cropped\not_me\1 (838).jpg,0
data/cropped\not_me\1 (839).jpg,0
data/cropped\not_me\1 (84).jpg,0
data/cropped\not_me\1 (84).png,0
data/cropped\not_me\1 (840).jpg,0
data/cropped\not_me\1 (841).jpg,0
data/cropped\not_me\1 (842).jpg,0
data/cropped\not_me\1 (843).jpg,0
data/cropped\not_me\1 (844).jpg,0
data/cropped\not_me\1 (845).jpg,0
data/cropped\not_me\1 (846).jpg,0
data/cropped\not_me\1 (847).jpg,0
data/cropped\not_me\1 (848).jpg,0
data/cropped\not_me\1 (849).jpg,0
data/cropped\not_me\1 (85).jpg,0
data/cropped\not_me\1 (85).png,0
data/cropped\not_me\1 (850).jpg,0
data/cropped\not_me\1 (851).jpg,0
data/cropped\not_me\1 (852).jpg,0
data/cropped\not_me\1 (853).jpg,0
data/cropped\not_me\1 (854).jpg,0
data/cropped\not_me\1 (855).jpg,0
data/cropped\not_me\1 (856).jpg,0
data/cropped\not_me\1 (857).jpg,0
data/cropped\not_me\1 (858).jpg,0
data/cropped\not_me\1 (859).jpg,0
data/cropped\not_me\1 (86).jpg,0
data/cropped\not_me\1 (86).png,0
data/cropped\not_me\1 (860).jpg,0
data/cropped\not_me\1 (861).jpg,0
data/cropped\not_me\1 (862).jpg,0
data/cropped\not_me\1 (863).jpg,0
data/cropped\not_me\1 (864).jpg,0
data/cropped\not_me\1 (865).jpg,0
data/cropped\not_me\1 (866).jpg,0
data/cropped\not_me\1 (867).jpg,0
data/cropped\not_me\1 (868).jpg,0
data/cropped\not_me\1 (869).jpg,0
data/cropped\not_me\1 (87).jpg,0
data/cropped\not_me\1 (87).png,0
data/cropped\not_me\1 (870).jpg,0
data/cropped\not_me\1 (871).jpg,0
data/cropped\not_me\1 (872).jpg,0
data/cropped\not_me\1 (873).jpg,0
data/cropped\not_me\1 (874).jpg,0
data/cropped\not_me\1 (875).jpg,0
data/cropped\not_me\1 (876).jpg,0
data/cropped\not_me\1 (877).jpg,0
data/cropped\not_me\1 (878).jpg,0
data/cropped\not_me\1 (879).jpg,0
data/cropped\not_me\1 (88).jpg,0
data/cropped\not_me\1 (88).png,0
data/cropped\not_me\1 (880).jpg,0
data/cropped\not_me\1 (881).jpg,0
data/cropped\not_me\1 (882).jpg,0
data/cropped\not_me\1 (883).jpg,0
data/cropped\not_me\1 (884).jpg,0
data/cropped\not_me\1 (885).jpg,0
data/cropped\not_me\1 (886).jpg,0
data/cropped\not_me\1 (887).jpg,0
data/cropped\not_me\1 (888).jpg,0
data/cropped\not_me\1 (889).jpg,0
data/cropped\not_me\1 (89).jpg,0
data/cropped\not_me\1 (89).png,0
data/cropped\not_me\1 (890).jpg,0
data/cropped\not_me\1 (891).jpg,0
data/cropped\not_me\1 (892).jpg,0
data/cropped\not_me\1 (893).jpg,0
data/cropped\not_me\1 (894).jpg,0
data/cropped\not_me\1 (895).jpg,0
data/cropped\not_me\1 (896).jpg,0
data/cropped\not_me\1 (897).jpg,0
data/cropped\not_me\1 (898).jpg,0
data/cropped\not_me\1 (899).jpg,0
data/cropped\not_me\1 (9).jpeg,0
data/cropped\not_me\1 (9).jpg,0
data/cropped\not_me\1 (9).png,0
data/cropped\not_me\1 (90).jpg,0
data/cropped\not_me\1 (90).png,0
data/cropped\not_me\1 (900).jpg,0
data/cropped\not_me\1 (901).jpg,0
data/cropped\not_me\1 (902).jpg,0
data/cropped\not_me\1 (903).jpg,0
data/cropped\not_me\1 (904).jpg,0
data/cropped\not_me\1 (905).jpg,0
data/cropped\not_me\1 (906).jpg,0
data/cropped\not_me\1 (907).jpg,0
data/cropped\not_me\1 (908).jpg,0
data/cropped\not_me\1 (909).jpg,0
data/cropped\not_me\1 (91).jpg,0
data/cropped\not_me\1 (91).png,0
data/cropped\not_me\1 (910).jpg,0
data/cropped\not_me\1 (911).jpg,0
data/cropped\not_me\1 (912).jpg,0
data/cropped\not_me\1 (914).jpg,0
data/cropped\not_me\1 (915).jpg,0
data/cropped\not_me\1 (916).jpg,0
data/cropped\not_me\1 (917).jpg,0
data/cropped\not_me\1 (918).jpg,0
data/cropped\not_me\1 (919).jpg,0
data/cropped\not_me\1 (92).jpg,0
data/cropped\not_me\1 (92).png,0
data/cropped\not_me\1 (920).jpg,0
data/cropped\not_me\1 (921).jpg,0
data/cropped\not_me\1 (922).jpg,0
data/cropped\not_me\1 (923).jpg,0
data/cropped\not_me\1 (924).jpg,0
data/cropped\not_me\1 (925).jpg,0
data/cropped\not_me\1 (926).jpg,0
data/cropped\not_me\1 (927).jpg,0
data/cropped\not_me\1 (928).jpg,0
data/cropped\not_me\1 (929).jpg,0
data/cropped\not_me\1 (93).jpg,0
data/cropped\not_me\1 (93).png,0
data/cropped\not_me\1 (930).jpg,0
data/cropped\not_me\1 (931).jpg,0
data/cropped\not_me\1 (932).jpg,0
data/cropped\not_me\1 (933).jpg,0
data/cropped\not_me\1 (935).jpg,0
data/cropped\not_me\1 (936).jpg,0
data/cropped\not_me\1 (937).jpg,0
data/cropped\not_me\1 (938).jpg,0
data/cropped\not_me\1 (939).jpg,0
data/cropped\not_me\1 (94).jpg,0
data/cropped\not_me\1 (94).png,0
data/cropped\not_me\1 (940).jpg,0
data/cropped\not_me\1 (941).jpg,0
data/cropped\not_me\1 (942).jpg,0
data/cropped\not_me\1 (943).jpg,0
data/cropped\not_me\1 (944).jpg,0
data/cropped\not_me\1 (945).jpg,0
data/cropped\not_me\1 (946).jpg,0
data/cropped\not_me\1 (947).jpg,0
data/cropped\not_me\1 (948).jpg,0
data/cropped\not_me\1 (949).jpg,0
data/cropped\not_me\1 (95).jpg,0
data/cropped\not_me\1 (95).png,0
data/cropped\not_me\1 (950).jpg,0
data/cropped\not_me\1 (951).jpg,0
data/cropped\not_me\1 (952).jpg,0
data/cropped\not_me\1 (953).jpg,0
data/cropped\not_me\1 (954).jpg,0
data/cropped\not_me\1 (955).jpg,0
data/cropped\not_me\1 (956).jpg,0
data/cropped\not_me\1 (957).jpg,0
data/cropped\not_me\1 (958).jpg,0
data/cropped\not_me\1 (959).jpg,0
data/cropped\not_me\1 (96).jpg,0
data/cropped\not_me\1 (96).png,0
data/cropped\not_me\1 (960).jpg,0
data/cropped\not_me\1 (961).jpg,0
data/cropped\not_me\1 (962).jpg,0
data/cropped\not_me\1 (963).jpg,0
data/cropped\not_me\1 (964).jpg,0
data/cropped\not_me\1 (965).jpg,0
data/cropped\not_me\1 (966).jpg,0
data/cropped\not_me\1 (967).jpg,0
data/cropped\not_me\1 (968).jpg,0
data/cropped\not_me\1 (969).jpg,0
data/cropped\not_me\1 (97).jpg,0
data/cropped\not_me\1 (97).png,0
data/cropped\not_me\1 (970).jpg,0
data/cropped\not_me\1 (971).jpg,0
data/cropped\not_me\1 (972).jpg,0
data/cropped\not_me\1 (973).jpg,0
data/cropped\not_me\1 (974).jpg,0
data/cropped\not_me\1 (975).jpg,0
data/cropped\not_me\1 (976).jpg,0
data/cropped\not_me\1 (977).jpg,0
data/cropped\not_me\1 (978).jpg,0
data/cropped\not_me\1 (979).jpg,0
data/cropped\not_me\1 (98).jpg,0
data/cropped\not_me\1 (98).png,0
data/cropped\not_me\1 (980).jpg,0
data/cropped\not_me\1 (981).jpg,0
data/cropped\not_me\1 (982).jpg,0
data/cropped\not_me\1 (983).jpg,0
data/cropped\not_me\1 (984).jpg,0
data/cropped\not_me\1 (985).jpg,0
data/cropped\not_me\1 (986).jpg,0
data/cropped\not_me\1 (987).jpg,0
data/cropped\not_me\1 (988).jpg,0
data/cropped\not_me\1 (989).jpg,0
data/cropped\not_me\1 (99).jpg,0
data/cropped\not_me\1 (99).png,0
data/cropped\not_me\1 (990).jpg,0
data/cropped\not_me\1 (991).jpg,0
data/cropped\not_me\1 (992).jpg,0
data/cropped\not_me\1 (993).jpg,0
data/cropped\not_me\1 (994).jpg,0
data/cropped\not_me\1 (995).jpg,0
data/cropped\not_me\1 (996).jpg,0
data/cropped\not_me\1 (997).jpg,0
data/cropped\not_me\1 (998).jpg,0
data/cropped\not_me\1 (999).jpg,0
